-- Bluedale Data Import: dbm_bluedale → bgoc_crm_newdb
-- Run once. Passwords are bcrypt-hashed (cost=12).

SET FOREIGN_KEY_CHECKS=0;

-- --------------------------------------------------------
-- contact_areas  (source: area)
-- --------------------------------------------------------
INSERT INTO `contact_areas` (`id`,`name`,`created_at`,`updated_at`) VALUES
(1,'Johor',NOW(),NOW()),
(2,'Kedah',NOW(),NOW()),
(3,'Kelantan',NOW(),NOW()),
(4,'Melaka',NOW(),NOW()),
(5,'Negeri Sembilan',NOW(),NOW()),
(6,'Pahang',NOW(),NOW()),
(7,'Perak',NOW(),NOW()),
(8,'Perlis',NOW(),NOW()),
(9,'Pulau Pinang',NOW(),NOW()),
(10,'Sabah',NOW(),NOW()),
(11,'Sarawak',NOW(),NOW()),
(12,'Selangor',NOW(),NOW()),
(13,'Terengganu',NOW(),NOW()),
(14,'Kuala Lumpur',NOW(),NOW()),
(15,'Putrajaya',NOW(),NOW()),
(16,'Labuan',NOW(),NOW());

-- --------------------------------------------------------
-- contact_industries  (source: industry)
-- --------------------------------------------------------
INSERT INTO `contact_industries` (`id`,`name`,`created_at`,`updated_at`) VALUES
(1,'Accomodation',NOW(),NOW()),
(2,'Agencies',NOW(),NOW()),
(3,'Beauty and Health',NOW(),NOW()),
(4,'Education',NOW(),NOW()),
(5,'Exhibitions',NOW(),NOW()),
(6,'F&B',NOW(),NOW()),
(7,'Fashion',NOW(),NOW()),
(8,'Finance',NOW(),NOW()),
(9,'Home',NOW(),NOW()),
(10,'Medical',NOW(),NOW()),
(11,'Retails',NOW(),NOW()),
(12,'Services',NOW(),NOW()),
(13,'Health',NOW(),NOW()),
(14,'Travel',NOW(),NOW()),
(15,'Transportation & Automative',NOW(),NOW()),
(16,'Shopping',NOW(),NOW());

-- --------------------------------------------------------
-- contact_statuses  (source: statuses)
-- --------------------------------------------------------
INSERT INTO `contact_statuses` (`id`,`name`,`created_at`,`updated_at`) VALUES
(1,'Raw',NOW(),NOW()),
(2,'New Raw',NOW(),NOW()),
(3,'Potential',NOW(),NOW()),
(4,'Supplier',NOW(),NOW()),
(5,'Agency',NOW(),NOW()),
(6,'Project',NOW(),NOW()),
(7,'Client',NOW(),NOW()),
(8,'Existing',NOW(),NOW()),
(9,'KLTG Existing',NOW(),NOW()),
(10,'KLTG Potential',NOW(),NOW());

-- --------------------------------------------------------
-- contact_types  (source: type)
-- --------------------------------------------------------
INSERT INTO `contact_types` (`id`,`name`,`created_at`,`updated_at`) VALUES
(1,'A1',NOW(),NOW()),
(2,'A2',NOW(),NOW()),
(3,'A3',NOW(),NOW()),
(4,'Contract',NOW(),NOW()),
(5,'On Going',NOW(),NOW()),
(6,'Reject',NOW(),NOW()),
(7,'A4',NOW(),NOW());

-- --------------------------------------------------------
-- contact_categories  (source: products)
-- --------------------------------------------------------
INSERT INTO `contact_categories` (`id`,`name`,`created_at`,`updated_at`) VALUES
(1,'Banner in Ads',NOW(),NOW()),
(2,'Billboard',NOW(),NOW()),
(3,'Digital Advertorial',NOW(),NOW()),
(4,'E-catalogue',NOW(),NOW()),
(5,'Enquiry',NOW(),NOW()),
(6,'FB sponsored Ads',NOW(),NOW()),
(7,'JKP Signage',NOW(),NOW()),
(8,'Lamp post bunting',NOW(),NOW()),
(9,'Newspaper',NOW(),NOW()),
(10,'Radio',NOW(),NOW()),
(11,'Social Media Management',NOW(),NOW()),
(12,'Other',NOW(),NOW()),
(13,'TG - KLTG',NOW(),NOW()),
(14,'Temp board',NOW(),NOW()),
(15,'Travel Guide',NOW(),NOW()),
(16,'Management',NOW(),NOW());

-- --------------------------------------------------------
-- users  (source: users) — bcrypt-hashed passwords
-- --------------------------------------------------------
INSERT INTO `users` (`id`,`name`,`email`,`password`,`created_at`,`updated_at`) VALUES
(3,'Media1','media1@bluedale.com.my','$2y$12$j0N49Wur.NoJYDvVUoXbi.Npu74.7s.v4CFD7HhvPzD5cwe/IERDW',NOW(),NOW()),
(5,'Media2','media2@bluedale.com.my','$2y$12$Sb5sGYeMuUOYDcIqNO3qIO8YyfltY1vug/aMzWPJRV5CtRqWxtGDK',NOW(),NOW()),
(6,'anna','anna@bluedale.com.my','$2y$12$s0C45DWqEfUYkq4kUvWnhObKRBEbG87q1fv4Rfw6wTXD/0UC8AAii',NOW(),NOW());

-- --------------------------------------------------------
-- tasks  (source: task_list)
-- --------------------------------------------------------
INSERT INTO `tasks` (`id`,`name`,`created_at`,`updated_at`) VALUES
(1,'C/F',NOW(),NOW()),
(2,'Follow Up',NOW(),NOW()),
(3,'Meeting',NOW(),NOW()),
(4,'Em/Ws',NOW(),NOW()),
(5,'Client',NOW(),NOW()),
(6,'Call-F1',NOW(),NOW()),
(7,'Call-F2',NOW(),NOW()),
(8,'Call-F3',NOW(),NOW()),
(9,'Call-F/rev',NOW(),NOW()),
(10,'Call-M/rev',NOW(),NOW()),
(11,'01-Amendment',NOW(),NOW()),
(12,'01-Artwork',NOW(),NOW()),
(13,'01-Assignment',NOW(),NOW()),
(14,'01-Content Calendar',NOW(),NOW());

-- --------------------------------------------------------
-- contacts  (source: companies)
-- Columns: id, name, address, remark, user_id, status_id, type_id, industry_id, category_id, area_id, created_at, updated_at
-- --------------------------------------------------------
INSERT INTO `contacts` (`id`,`name`,`address`,`remark`,`user_id`,`status_id`,`type_id`,`industry_id`,`category_id`,`area_id`,`created_at`,`updated_at`) VALUES
(1,'99 Home design Petaling Jaya','',NULL,3,7,5,9,2,12,'2026-04-08 07:37:45','2026-04-08 07:37:45'),
(2,'ace hardware','',NULL,5,1,1,9,8,12,'2026-04-08 08:03:03','2026-04-08 08:03:03'),
(3,'99 Pharmacy','',NULL,3,4,1,10,2,12,'2026-04-09 06:55:57','2026-04-09 06:55:57'),
(4,'Akemi Home','',NULL,3,1,1,9,2,12,'2026-04-09 07:16:14','2026-04-09 07:16:14'),
(5,'nasi lemak ayam cik nor','',NULL,3,1,2,6,6,12,'2026-04-09 07:23:56','2026-04-09 07:23:56'),
(6,'kentucky fried chicken','1, Off, Seksyen 4, Lot 1, Jalan Camar 4, Persiaran Surian, Kota Damansara, 47810 Petaling Jaya, Selangor',NULL,3,1,3,6,2,12,'2026-04-10 07:16:22','2026-04-10 07:16:22'),
(7,'fgvesvdrve','',NULL,3,1,1,11,12,1,'2026-04-09 16:00:00','2026-04-09 16:00:00'),
(8,'NAJI NYONYA CAFE',NULL,NULL,3,9,1,6,13,12,'2026-04-17 08:35:18','2026-04-17 08:35:18'),
(9,'Impiana KLCC',NULL,NULL,3,9,1,NULL,13,12,'2026-04-17 08:35:18','2026-04-17 08:35:18'),
(10,'NOR PAIZAH BIZ LINK SDN BHD',NULL,NULL,3,8,1,NULL,13,12,'2026-04-17 08:35:18','2026-04-17 08:35:18'),
(11,'AM Skin Factories Express',NULL,NULL,3,8,1,13,6,12,'2026-04-17 08:35:18','2026-04-17 08:35:18'),
(12,'Asia Pacific School',NULL,NULL,3,8,1,4,2,12,'2026-04-17 08:35:18','2026-04-17 08:35:18'),
(13,'owner nyonya heritage',NULL,NULL,3,8,1,4,6,12,'2026-04-17 08:35:18','2026-04-17 08:35:18'),
(14,'Harvest International School (IGCSE)',NULL,NULL,3,8,1,4,14,12,'2026-04-17 08:35:18','2026-04-17 08:35:18'),
(15,'Tehran Restaurant - Production',NULL,NULL,3,8,1,6,13,12,'2026-04-17 08:35:18','2026-04-17 08:35:18'),
(16,'Habib Jewels Sdn Bhd',NULL,NULL,3,8,1,7,2,12,'2026-04-17 08:35:18','2026-04-17 08:35:18'),
(17,'Winnies Bee Farm',NULL,NULL,3,8,1,14,13,12,'2026-04-17 08:35:18','2026-04-17 08:35:18'),
(18,'Samba Brazilian Steakhouse',NULL,NULL,3,8,2,6,14,12,'2026-04-17 08:35:18','2026-04-17 08:35:18'),
(19,'Columbia Asia Hospital - Bukit Jalil',NULL,NULL,3,8,2,10,13,12,'2026-04-17 08:35:18','2026-04-17 08:35:18'),
(20,'Baliayu Spa Sanctuary',NULL,NULL,3,6,NULL,13,13,12,'2026-04-17 08:35:18','2026-04-17 08:35:18'),
(21,'Bukit Tinggi Medical Centre (BTMC)',NULL,NULL,3,6,NULL,10,15,12,'2026-04-17 08:35:18','2026-04-17 08:35:18'),
(22,'Giant B Bee Farm Tour Melaka',NULL,NULL,3,6,NULL,14,13,12,'2026-04-17 08:35:18','2026-04-17 08:35:18'),
(23,'RUSTCAMPS GLAMPING RESORT',NULL,NULL,3,9,1,NULL,13,12,'2026-04-17 08:35:18','2026-04-17 08:35:18'),
(24,'Ayur Centre Sdn Bhd(pj/seremban)',NULL,NULL,3,9,1,13,13,12,'2026-04-17 08:35:18','2026-04-17 08:35:18'),
(25,'Nyonya Heritage',NULL,NULL,3,9,1,6,13,12,'2026-04-17 08:35:18','2026-04-17 08:35:18'),
(26,'A Famosa resort',NULL,NULL,3,9,1,NULL,13,12,'2026-04-17 08:38:38','2026-04-17 08:38:38'),
(27,'Banyan Tree Kuala Lumpur',NULL,NULL,3,9,1,NULL,13,12,'2026-04-17 08:38:38','2026-04-17 08:38:38'),
(28,'Mercure Kuala Lumpur Glenmarie',NULL,NULL,3,9,1,NULL,13,12,'2026-04-17 08:38:38','2026-04-17 08:38:38'),
(29,'Lereng Tanah Farmhouse',NULL,NULL,3,9,1,NULL,13,12,'2026-04-17 08:38:38','2026-04-17 08:38:38'),
(30,'Villa Nadiah. IO HOME',NULL,NULL,3,9,1,NULL,13,12,'2026-04-17 08:38:38','2026-04-17 08:38:38'),
(31,'Resorts Management Sdn Bhd',NULL,NULL,3,9,1,NULL,16,12,'2026-04-17 08:38:38','2026-04-17 08:38:38'),
(32,'Lumpur',NULL,NULL,3,9,1,NULL,13,12,'2026-04-17 08:38:38','2026-04-17 08:38:38'),
(33,'de King Boutique Hotel KLCC',NULL,NULL,3,9,1,NULL,13,12,'2026-04-17 08:38:38','2026-04-17 08:38:38'),
(34,'Centre - 5 star',NULL,NULL,3,9,1,NULL,13,12,'2026-04-17 08:38:38','2026-04-17 08:38:38'),
(35,'The Everly Putrajaya.',NULL,NULL,3,9,1,NULL,13,12,'2026-04-17 08:38:38','2026-04-17 08:38:38'),
(36,'Monkeys Canopy resort',NULL,NULL,3,9,1,NULL,16,12,'2026-04-17 08:38:38','2026-04-17 08:38:38'),
(37,'Sunset Seaview Vacation Condos',NULL,NULL,3,9,1,NULL,13,12,'2026-04-17 08:38:38','2026-04-17 08:38:38'),
(38,'Polaris Suite KK',NULL,NULL,3,9,1,NULL,13,12,'2026-04-17 08:38:38','2026-04-17 08:38:38'),
(39,'Kundasang Fog Resort',NULL,NULL,3,9,1,NULL,13,12,'2026-04-17 08:38:38','2026-04-17 08:38:38'),
(40,'Resorts',NULL,NULL,3,9,1,NULL,13,12,'2026-04-17 08:38:38','2026-04-17 08:38:38'),
(41,'Bintang',NULL,NULL,3,9,1,NULL,13,12,'2026-04-17 08:38:38','2026-04-17 08:38:38'),
(42,'Ayur Centre Sdn Bhd(pj/seremban)',NULL,NULL,3,9,1,13,13,12,'2026-04-17 08:38:38','2026-04-17 08:38:38'),
(43,'Klinik Q',NULL,NULL,3,9,1,13,13,12,'2026-04-17 08:38:38','2026-04-17 08:38:38'),
(44,'M.A.C Clinic',NULL,NULL,3,9,1,13,13,12,'2026-04-17 08:38:38','2026-04-17 08:38:38'),
(45,'More by Posh',NULL,NULL,3,9,1,13,13,12,'2026-04-17 08:38:38','2026-04-17 08:38:38'),
(46,'Confexhub',NULL,NULL,3,9,1,5,13,12,'2026-04-17 08:38:38','2026-04-17 08:38:38'),
(47,'The Narra Filipino',NULL,NULL,3,9,1,6,13,12,'2026-04-17 08:38:38','2026-04-17 08:38:38'),
(48,'Mantra Indian Cuisine',NULL,NULL,3,9,1,6,13,12,'2026-04-17 08:38:38','2026-04-17 08:38:38'),
(49,'Ole-Ole Bali (bhd)',NULL,NULL,3,9,1,6,13,12,'2026-04-17 08:38:38','2026-04-17 08:38:38'),
(50,'Restoren Boleh Seafood Pot',NULL,NULL,3,9,1,6,13,12,'2026-04-17 08:38:38','2026-04-17 08:38:38'),
(51,'L\'Occitane en Provence',NULL,NULL,3,3,1,13,13,14,'2026-04-17 09:57:33','2026-04-17 09:57:33'),
(52,'Skin Magic Medispa',NULL,NULL,3,3,1,13,13,14,'2026-04-17 09:57:33','2026-04-17 09:57:33'),
(53,'THERAPY & TREATMENT CENTRE',NULL,NULL,3,3,1,13,13,14,'2026-04-17 09:57:33','2026-04-17 09:57:33'),
(54,'Venusde Beauty Salon',NULL,NULL,3,3,1,13,13,14,'2026-04-17 09:57:33','2026-04-17 09:57:33'),
(55,'ME Health & Beauty',NULL,NULL,3,3,1,13,13,14,'2026-04-17 09:57:33','2026-04-17 09:57:33'),
(56,'Avisson beaute',NULL,NULL,3,3,1,13,13,14,'2026-04-17 09:57:33','2026-04-17 09:57:33'),
(57,'Inspire',NULL,NULL,3,3,1,13,13,14,'2026-04-17 09:57:33','2026-04-17 09:57:33'),
(58,'True Spa KL',NULL,NULL,3,3,1,13,13,14,'2026-04-17 09:57:33','2026-04-17 09:57:33'),
(59,'Tangan Wellness Spa',NULL,NULL,3,3,1,13,13,14,'2026-04-17 09:57:33','2026-04-17 09:57:33'),
(60,'De Esth Beauty',NULL,NULL,3,3,1,13,13,14,'2026-04-17 09:57:33','2026-04-17 09:57:33'),
(61,'AWAY Spa, W Kuala Lumpur',NULL,NULL,3,3,1,13,13,14,'2026-04-17 09:57:33','2026-04-17 09:57:33'),
(62,'Radiance Spa',NULL,NULL,3,3,1,13,13,14,'2026-04-17 09:57:33','2026-04-17 09:57:33'),
(63,'Spa Village - Ritz Carlton',NULL,NULL,3,3,1,13,13,14,'2026-04-17 09:57:33','2026-04-17 09:57:33'),
(64,'Mauita Spa @ Mont Kiara',NULL,NULL,3,3,1,13,13,14,'2026-04-17 09:57:33','2026-04-17 09:57:33'),
(65,'Telaga Bunga Spa',NULL,NULL,3,3,1,13,13,14,'2026-04-17 09:57:33','2026-04-17 09:57:33'),
(66,'Damansara (Sofitel)',NULL,NULL,3,3,1,13,13,14,'2026-04-17 09:57:33','2026-04-17 09:57:33'),
(67,'Kuala Lumpur (Billionoac)',NULL,NULL,3,3,1,13,13,14,'2026-04-17 09:57:33','2026-04-17 09:57:33'),
(68,'Hammam Isetan Lot 10',NULL,NULL,3,3,1,13,13,14,'2026-04-17 09:57:33','2026-04-17 09:57:33'),
(69,'Aesthetic Clinic Solaris Dutamas',NULL,NULL,3,3,1,13,13,14,'2026-04-17 09:57:33','2026-04-17 09:57:33'),
(70,'Uroot Spa Chinatown',NULL,NULL,3,3,1,13,13,14,'2026-04-17 09:57:33','2026-04-17 09:57:33'),
(71,'Liza Spa Massage Kuala Lumpur',NULL,NULL,3,3,1,13,13,14,'2026-04-17 09:57:33','2026-04-17 09:57:33'),
(72,'Spa Laksamana',NULL,NULL,3,3,1,13,13,14,'2026-04-17 09:57:33','2026-04-17 09:57:33'),
(73,'Uroot Spa Chinatown (Petaling Street)',NULL,NULL,3,3,1,13,13,14,'2026-04-17 09:57:33','2026-04-17 09:57:33'),
(74,'Lumpur (Four Seasons)',NULL,NULL,3,3,1,13,13,14,'2026-04-17 09:57:33','2026-04-17 09:57:33'),
(75,'Relax Two Traditional Blind Massage',NULL,NULL,3,3,1,13,13,14,'2026-04-17 09:57:33','2026-04-17 09:57:33'),
(76,'Kuala Lumpur (Marketing)',NULL,NULL,3,3,1,13,13,14,'2026-04-17 09:57:33','2026-04-17 09:57:33'),
(77,'Vita Spa Berjaya Times Square',NULL,NULL,3,3,1,13,13,14,'2026-04-17 09:57:33','2026-04-17 09:57:33'),
(78,'Headmistress Bangsar',NULL,NULL,3,3,1,13,13,14,'2026-04-17 09:57:33','2026-04-17 09:57:33'),
(79,'Milestone Wellness Spa',NULL,NULL,3,3,1,13,13,14,'2026-04-17 09:57:33','2026-04-17 09:57:33'),
(80,'Lumpur (Marketing 2)',NULL,NULL,3,3,1,13,13,14,'2026-04-17 09:57:33','2026-04-17 09:57:33'),
(81,'The AsiaSpa','No 32, 31st Floor, Jalan Yap Kwan Seng, 50450 Kuala Lumpur, Federal Territory of Kuala Lumpur',NULL,3,3,1,13,13,14,'2026-04-17 09:57:33','2026-04-17 09:57:33'),
(82,'NAJI NYONYA CAFE',NULL,NULL,6,9,1,6,13,14,'2026-04-22 07:00:02','2026-04-22 07:00:02'),
(83,'Impiana KLCC',NULL,NULL,6,8,4,1,13,14,'2026-04-22 07:00:02','2026-04-22 07:00:02'),
(84,'NOR PAIZAH BIZ LINK SDN BHD',NULL,NULL,6,8,1,1,13,14,'2026-04-22 07:00:02','2026-04-22 07:00:02'),
(85,'AM Skin Factories Express',NULL,NULL,6,8,1,3,6,14,'2026-04-22 07:00:02','2026-04-22 07:00:02'),
(86,'Asia Pacific School',NULL,NULL,6,8,1,4,2,14,'2026-04-22 07:00:02','2026-04-22 07:00:02'),
(87,'Vantage Ley Malaysia Sdn Bhd (Nyonya Heritage)',NULL,NULL,6,8,1,4,6,14,'2026-04-22 07:00:02','2026-04-22 07:00:02'),
(88,'Harvest International School (IGCSE)',NULL,NULL,6,8,1,4,14,14,'2026-04-22 07:00:02','2026-04-22 07:00:02'),
(89,'Tehran Restaurant - Production',NULL,NULL,6,8,1,6,13,14,'2026-04-22 07:00:02','2026-04-22 07:00:02'),
(90,'Habib Jewels Sdn Bhd',NULL,NULL,6,8,1,7,2,14,'2026-04-22 07:00:02','2026-04-22 07:00:02'),
(91,'Winnies Bee Farm',NULL,NULL,6,8,1,14,13,14,'2026-04-22 07:00:02','2026-04-22 07:00:02'),
(92,'Samba Brazilian Steakhouse',NULL,NULL,6,8,2,6,14,14,'2026-04-22 07:00:02','2026-04-22 07:00:02'),
(93,'Columbia Asia Hospital - Bukit Jalil',NULL,NULL,6,8,2,10,13,14,'2026-04-22 07:00:02','2026-04-22 07:00:02'),
(94,'Baliayu Spa Sanctuary',NULL,NULL,6,8,NULL,3,13,14,'2026-04-22 07:00:02','2026-04-22 07:00:02'),
(95,'Bukit Tinggi Medical Centre (BTMC)',NULL,NULL,6,8,NULL,10,15,14,'2026-04-22 07:00:02','2026-04-22 07:00:02'),
(96,'Giant B Bee Farm Tour Melaka',NULL,NULL,6,8,NULL,14,13,14,'2026-04-22 07:00:02','2026-04-22 07:00:02'),
(97,'RUSTCAMPS GLAMPING RESORT',NULL,NULL,6,9,1,1,13,14,'2026-04-22 07:00:02','2026-04-22 07:00:02'),
(98,'A Famosa Resort',NULL,NULL,6,9,1,1,13,14,'2026-04-22 07:00:02','2026-04-22 07:00:02'),
(99,'Banyan Tree Kuala Lumpur',NULL,NULL,6,9,1,1,13,14,'2026-04-22 07:00:02','2026-04-22 07:00:02'),
(100,'Mercure Kuala Lumpur Glenmarie',NULL,NULL,6,9,1,1,13,14,'2026-04-22 07:00:02','2026-04-22 07:00:02'),
(101,'Lereng Tanah Farmhouse',NULL,NULL,6,9,1,1,13,14,'2026-04-22 07:00:02','2026-04-22 07:00:02'),
(102,'Villa Nadiah IO HOME',NULL,NULL,6,9,1,1,13,14,'2026-04-22 07:00:02','2026-04-22 07:00:02'),
(103,'de King Boutique Hotel KLCC',NULL,NULL,6,9,1,1,13,14,'2026-04-22 07:00:02','2026-04-22 07:00:02'),
(104,'The Everly Putrajaya',NULL,NULL,6,9,1,1,13,14,'2026-04-22 07:00:02','2026-04-22 07:00:02'),
(105,'Monkeys Canopy Resort',NULL,NULL,6,9,1,1,NULL,14,'2026-04-22 07:00:02','2026-04-22 07:00:02'),
(106,'Polaris Suite KK',NULL,NULL,6,9,1,1,13,14,'2026-04-22 07:00:02','2026-04-22 07:00:02'),
(107,'Kundasang Fog Resort',NULL,NULL,6,9,1,1,13,14,'2026-04-22 07:00:02','2026-04-22 07:00:02'),
(108,'Sunset Seaview Vacation Condos',NULL,NULL,6,9,1,1,13,14,'2026-04-22 07:00:02','2026-04-22 07:00:02'),
(109,'Resorts Management Sdn Bhd',NULL,NULL,6,9,1,1,16,14,'2026-04-22 07:00:02','2026-04-22 07:00:02'),
(110,'Confexhub',NULL,NULL,6,9,1,5,13,14,'2026-04-22 07:00:02','2026-04-22 07:00:02'),
(111,'The Narra Filipino',NULL,NULL,6,9,1,6,13,14,'2026-04-22 07:00:02','2026-04-22 07:00:02'),
(112,'Mantra Indian Cuisine',NULL,NULL,6,9,1,6,13,14,'2026-04-22 07:00:02','2026-04-22 07:00:02'),
(113,'Ole-Ole Bali',NULL,NULL,6,9,1,6,13,14,'2026-04-22 07:00:02','2026-04-22 07:00:02'),
(114,'Restoren Boleh Seafood Pot',NULL,NULL,6,9,1,6,13,14,'2026-04-22 07:00:02','2026-04-22 07:00:02'),
(115,'L Occitane en Provence',NULL,NULL,6,3,1,3,13,14,'2026-04-22 07:00:02','2026-04-22 07:00:02'),
(116,'Skin Magic Medispa',NULL,NULL,6,3,1,3,13,14,'2026-04-22 07:00:02','2026-04-22 07:00:02'),
(117,'Therapy & Treatment Centre',NULL,NULL,6,3,1,3,13,14,'2026-04-22 07:00:02','2026-04-22 07:00:02'),
(118,'Venusde Beauty Salon',NULL,NULL,6,3,1,3,13,14,'2026-04-22 07:00:02','2026-04-22 07:00:02'),
(119,'ME Health & Beauty',NULL,NULL,6,3,1,3,13,14,'2026-04-22 07:00:02','2026-04-22 07:00:02'),
(120,'Avisson Beaute',NULL,NULL,6,3,1,3,13,14,'2026-04-22 07:00:02','2026-04-22 07:00:02'),
(121,'Inspire Beauty',NULL,NULL,6,3,1,3,13,14,'2026-04-22 07:00:02','2026-04-22 07:00:02'),
(122,'True Spa KL',NULL,NULL,6,3,1,3,13,14,'2026-04-22 07:00:02','2026-04-22 07:00:02'),
(123,'Tangan Wellness Spa',NULL,NULL,6,3,1,3,13,14,'2026-04-22 07:00:02','2026-04-22 07:00:02'),
(124,'De Esth Beauty',NULL,NULL,6,3,1,3,13,14,'2026-04-22 07:00:02','2026-04-22 07:00:02'),
(125,'AWAY Spa W Kuala Lumpur',NULL,NULL,6,3,1,3,13,14,'2026-04-22 07:00:02','2026-04-22 07:00:02'),
(126,'Radiance Spa',NULL,NULL,6,3,1,3,13,14,'2026-04-22 07:00:02','2026-04-22 07:00:02'),
(127,'Spa Village Ritz Carlton',NULL,NULL,6,3,1,3,13,14,'2026-04-22 07:00:02','2026-04-22 07:00:02'),
(128,'Mauita Spa Mont Kiara',NULL,NULL,6,3,1,3,13,14,'2026-04-22 07:00:02','2026-04-22 07:00:02'),
(129,'Telaga Bunga Spa',NULL,NULL,6,3,1,3,13,14,'2026-04-22 07:00:02','2026-04-22 07:00:02'),
(130,'Hammam Isetan Lot 10',NULL,NULL,6,3,1,3,13,14,'2026-04-22 07:00:02','2026-04-22 07:00:02'),
(131,'Uroot Spa Chinatown',NULL,NULL,6,3,1,3,13,14,'2026-04-22 07:00:02','2026-04-22 07:00:02'),
(132,'Liza Spa Massage KL',NULL,NULL,6,3,1,3,13,14,'2026-04-22 07:00:02','2026-04-22 07:00:02'),
(133,'Spa Laksamana',NULL,NULL,6,3,1,3,13,14,'2026-04-22 07:00:02','2026-04-22 07:00:02'),
(134,'Relax Two Blind Massage',NULL,NULL,6,3,1,3,13,14,'2026-04-22 07:00:02','2026-04-22 07:00:02'),
(135,'Vita Spa Berjaya Times Square',NULL,NULL,6,3,1,3,13,14,'2026-04-22 07:00:02','2026-04-22 07:00:02'),
(136,'Headmistress Bangsar',NULL,NULL,6,3,1,3,13,14,'2026-04-22 07:00:02','2026-04-22 07:00:02'),
(137,'Milestone Wellness Spa',NULL,NULL,6,3,1,3,13,14,'2026-04-22 07:00:02','2026-04-22 07:00:02'),
(138,'The AsiaSpa',NULL,NULL,6,3,1,3,13,14,'2026-04-22 07:00:02','2026-04-22 07:00:02'),
(139,'NAJI NYONYA CAFE',NULL,NULL,6,9,1,6,13,14,'2026-04-22 07:00:02','2026-04-22 07:00:02'),
(140,'Impiana KLCC',NULL,NULL,6,7,4,1,13,14,'2026-04-22 07:00:02','2026-04-22 07:00:02'),
(141,'NOR PAIZAH BIZ LINK SDN BHD',NULL,NULL,6,8,1,1,13,14,'2026-04-22 07:00:02','2026-04-22 07:00:02'),
(142,'AM Skin Factories Express',NULL,NULL,6,8,1,3,6,14,'2026-04-22 07:00:02','2026-04-22 07:00:02'),
(143,'Asia Pacific School',NULL,NULL,6,8,1,4,2,14,'2026-04-22 07:00:02','2026-04-22 07:00:02'),
(144,'Vantage Ley Malaysia Sdn Bhd (Nyonya Heritage)',NULL,NULL,6,8,1,4,6,14,'2026-04-22 07:00:02','2026-04-22 07:00:02'),
(145,'Harvest International School (IGCSE)',NULL,NULL,6,8,1,4,14,14,'2026-04-22 07:00:02','2026-04-22 07:00:02'),
(146,'Tehran Restaurant - Production',NULL,NULL,6,8,1,6,13,14,'2026-04-22 07:00:02','2026-04-22 07:00:02'),
(147,'Habib Jewels Sdn Bhd',NULL,NULL,6,8,1,7,2,14,'2026-04-22 07:00:02','2026-04-22 07:00:02'),
(148,'Winnies Bee Farm',NULL,NULL,6,8,1,14,13,14,'2026-04-22 07:00:02','2026-04-22 07:00:02'),
(149,'Samba Brazilian Steakhouse',NULL,NULL,6,8,2,6,14,14,'2026-04-22 07:00:02','2026-04-22 07:00:02'),
(150,'Columbia Asia Hospital - Bukit Jalil',NULL,NULL,6,8,2,10,13,14,'2026-04-22 07:00:02','2026-04-22 07:00:02'),
(151,'Baliayu Spa Sanctuary',NULL,NULL,6,8,NULL,3,13,14,'2026-04-22 07:00:02','2026-04-22 07:00:02'),
(152,'Bukit Tinggi Medical Centre (BTMC)',NULL,NULL,6,8,NULL,10,15,14,'2026-04-22 07:00:02','2026-04-22 07:00:02'),
(153,'Giant B Bee Farm Tour Melaka',NULL,NULL,6,8,NULL,14,13,14,'2026-04-22 07:00:02','2026-04-22 07:00:02'),
(154,'RUSTCAMPS GLAMPING RESORT',NULL,NULL,6,9,1,1,13,14,'2026-04-22 07:00:02','2026-04-22 07:00:02'),
(155,'A Famosa Resort',NULL,NULL,6,9,1,1,13,14,'2026-04-22 07:00:02','2026-04-22 07:00:02'),
(156,'Banyan Tree Kuala Lumpur',NULL,NULL,6,9,1,1,13,14,'2026-04-22 07:00:02','2026-04-22 07:00:02'),
(157,'Mercure Kuala Lumpur Glenmarie',NULL,NULL,6,9,1,1,13,14,'2026-04-22 07:00:02','2026-04-22 07:00:02'),
(158,'Lereng Tanah Farmhouse',NULL,NULL,6,9,1,1,13,14,'2026-04-22 07:00:02','2026-04-22 07:00:02'),
(159,'Villa Nadiah IO HOME',NULL,NULL,6,9,1,1,13,14,'2026-04-22 07:00:02','2026-04-22 07:00:02'),
(160,'de King Boutique Hotel KLCC',NULL,NULL,6,9,1,1,13,14,'2026-04-22 07:00:02','2026-04-22 07:00:02'),
(161,'The Everly Putrajaya',NULL,NULL,6,9,1,1,13,14,'2026-04-22 07:00:02','2026-04-22 07:00:02'),
(162,'Monkeys Canopy Resort',NULL,NULL,6,9,1,1,NULL,14,'2026-04-22 07:00:02','2026-04-22 07:00:02'),
(163,'Polaris Suite KK',NULL,NULL,6,9,1,1,13,14,'2026-04-22 07:00:02','2026-04-22 07:00:02'),
(164,'Kundasang Fog Resort',NULL,NULL,6,9,1,1,13,14,'2026-04-22 07:00:02','2026-04-22 07:00:02'),
(165,'Sunset Seaview Vacation Condos',NULL,NULL,6,9,1,1,13,14,'2026-04-22 07:00:02','2026-04-22 07:00:02'),
(166,'Resorts Management Sdn Bhd',NULL,NULL,6,9,1,1,16,14,'2026-04-22 07:00:02','2026-04-22 07:00:02'),
(167,'Confexhub',NULL,NULL,6,9,1,5,13,14,'2026-04-22 07:00:02','2026-04-22 07:00:02'),
(168,'The Narra Filipino',NULL,NULL,6,9,1,6,13,14,'2026-04-22 07:00:02','2026-04-22 07:00:02'),
(169,'Mantra Indian Cuisine',NULL,NULL,6,9,1,6,13,14,'2026-04-22 07:00:02','2026-04-22 07:00:02'),
(170,'Ole-Ole Bali',NULL,NULL,6,9,1,6,13,14,'2026-04-22 07:00:02','2026-04-22 07:00:02'),
(171,'Restoren Boleh Seafood Pot',NULL,NULL,6,9,1,6,13,14,'2026-04-22 07:00:02','2026-04-22 07:00:02'),
(172,'L Occitane en Provence',NULL,NULL,6,3,1,3,13,14,'2026-04-22 07:00:02','2026-04-22 07:00:02'),
(173,'Skin Magic Medispa',NULL,NULL,6,3,1,3,13,14,'2026-04-22 07:00:02','2026-04-22 07:00:02'),
(174,'Therapy & Treatment Centre',NULL,NULL,6,3,1,3,13,14,'2026-04-22 07:00:02','2026-04-22 07:00:02'),
(175,'Venusde Beauty Salon',NULL,NULL,6,3,1,3,13,14,'2026-04-22 07:00:02','2026-04-22 07:00:02'),
(176,'ME Health & Beauty',NULL,NULL,6,3,1,3,13,14,'2026-04-22 07:00:02','2026-04-22 07:00:02'),
(177,'Avisson Beaute',NULL,NULL,6,3,1,3,13,14,'2026-04-22 07:00:02','2026-04-22 07:00:02'),
(178,'Inspire Beauty',NULL,NULL,6,3,1,3,13,14,'2026-04-22 07:00:02','2026-04-22 07:00:02'),
(179,'True Spa KL',NULL,NULL,6,3,1,3,13,14,'2026-04-22 07:00:02','2026-04-22 07:00:02'),
(180,'Tangan Wellness Spa',NULL,NULL,6,3,1,3,13,14,'2026-04-22 07:00:02','2026-04-22 07:00:02'),
(181,'De Esth Beauty',NULL,NULL,6,3,1,3,13,14,'2026-04-22 07:00:02','2026-04-22 07:00:02'),
(182,'AWAY Spa W Kuala Lumpur',NULL,NULL,6,3,1,3,13,14,'2026-04-22 07:00:02','2026-04-22 07:00:02'),
(183,'Radiance Spa',NULL,NULL,6,3,1,3,13,14,'2026-04-22 07:00:02','2026-04-22 07:00:02'),
(184,'Spa Village Ritz Carlton',NULL,NULL,6,3,1,3,13,14,'2026-04-22 07:00:02','2026-04-22 07:00:02'),
(185,'Mauita Spa Mont Kiara',NULL,NULL,6,3,1,3,13,14,'2026-04-22 07:00:02','2026-04-22 07:00:02'),
(186,'Telaga Bunga Spa',NULL,NULL,6,3,1,3,13,14,'2026-04-22 07:00:02','2026-04-22 07:00:02'),
(187,'Hammam Isetan Lot 10',NULL,NULL,6,3,1,3,13,14,'2026-04-22 07:00:02','2026-04-22 07:00:02'),
(188,'Uroot Spa Chinatown',NULL,NULL,6,3,1,3,13,14,'2026-04-22 07:00:02','2026-04-22 07:00:02'),
(189,'Liza Spa Massage KL',NULL,NULL,6,3,1,3,13,14,'2026-04-22 07:00:02','2026-04-22 07:00:02'),
(190,'Spa Laksamana',NULL,NULL,6,3,1,3,13,14,'2026-04-22 07:00:02','2026-04-22 07:00:02'),
(191,'Relax Two Blind Massage',NULL,NULL,6,3,1,3,13,14,'2026-04-22 07:00:02','2026-04-22 07:00:02'),
(192,'Vita Spa Berjaya Times Square',NULL,NULL,6,3,1,3,13,14,'2026-04-22 07:00:02','2026-04-22 07:00:02'),
(193,'Headmistress Bangsar',NULL,NULL,6,3,1,3,13,14,'2026-04-22 07:00:02','2026-04-22 07:00:02'),
(194,'Milestone Wellness Spa',NULL,NULL,6,3,1,3,13,14,'2026-04-22 07:00:02','2026-04-22 07:00:02'),
(195,'The AsiaSpa',NULL,NULL,6,3,1,3,13,14,'2026-04-22 07:00:02','2026-04-22 07:00:02'),
(196,'Teethos Dental Clinic',NULL,NULL,6,10,1,10,13,14,'2026-04-23 09:40:06','2026-04-23 09:40:06'),
(197,'Prince Court Medical Centre',NULL,NULL,6,10,1,10,14,14,'2026-04-23 09:40:06','2026-04-23 09:40:06'),
(198,'He Medical Clinic @ The Icon',NULL,NULL,6,10,1,10,13,14,'2026-04-23 09:40:06','2026-04-23 09:40:06'),
(199,'IHH Healthcare Berhad KL',NULL,NULL,6,10,1,10,13,14,'2026-04-23 09:40:06','2026-04-23 09:40:06'),
(200,'Alpha Specialist Centre.',NULL,NULL,6,10,1,10,13,14,'2026-04-23 09:40:06','2026-04-23 09:40:06'),
(201,'Feathair Hair Growth Specialist',NULL,NULL,6,10,1,10,13,14,'2026-04-23 09:40:06','2026-04-23 09:40:06'),
(202,'Dr. Jasmine Clinic',NULL,NULL,6,10,1,10,14,14,'2026-04-23 09:40:06','2026-04-23 09:40:06'),
(203,'Stem Cell Center Malaysia',NULL,NULL,6,10,1,10,13,14,'2026-04-23 09:40:06','2026-04-23 09:40:06'),
(204,'Stem Cell Therapy Asia',NULL,NULL,6,10,1,10,13,14,'2026-04-23 09:40:06','2026-04-23 09:40:06'),
(205,'Yip Dental Surgery',NULL,NULL,6,10,1,10,13,14,'2026-04-23 09:40:06','2026-04-23 09:40:06'),
(206,'Hospital UMRA',NULL,NULL,6,10,1,10,13,14,'2026-04-23 09:40:06','2026-04-23 09:40:06'),
(207,'Aestra Skin Centre (Bangsar)',NULL,NULL,6,10,1,10,13,14,'2026-04-23 09:40:06','2026-04-23 09:40:06'),
(208,'Rachel Chew Clinic',NULL,NULL,6,10,1,10,13,14,'2026-04-23 09:40:06','2026-04-23 09:40:06'),
(209,'Advanced Aesthetic Specialist Clinic',NULL,NULL,6,10,1,10,13,14,'2026-04-23 09:40:06','2026-04-23 09:40:06'),
(210,'Bangsar South',NULL,NULL,6,10,1,10,13,14,'2026-04-23 09:40:06','2026-04-23 09:40:06'),
(211,'Arteestic Dental Bangsar South',NULL,NULL,6,10,1,10,13,14,'2026-04-23 09:40:06','2026-04-23 09:40:06'),
(212,'Wheel Chair 88',NULL,NULL,6,10,1,10,2,14,'2026-04-23 09:40:06','2026-04-23 09:40:06'),
(213,'Specialist clinic',NULL,NULL,6,10,1,10,13,14,'2026-04-23 09:40:06','2026-04-23 09:40:06'),
(214,'Korean Skin Management Centre',NULL,NULL,6,10,1,10,13,14,'2026-04-23 09:40:06','2026-04-23 09:40:06'),
(215,'Acacia by Pacific Senior Living',NULL,NULL,6,10,1,10,16,14,'2026-04-23 09:40:06','2026-04-23 09:40:06'),
(216,'Malaysia Healthcare Lounge',NULL,NULL,6,10,1,10,13,14,'2026-04-23 09:40:06','2026-04-23 09:40:06'),
(217,'REGENESIS Physiotherapy Subang Jaya',NULL,NULL,6,10,1,10,13,12,'2026-04-23 09:40:06','2026-04-23 09:40:06'),
(218,'Hartamas Medical Clinic',NULL,NULL,6,10,1,10,13,14,'2026-04-23 09:40:06','2026-04-23 09:40:06'),
(219,'Klinik Tuah Cheras',NULL,NULL,6,10,1,10,13,14,'2026-04-23 09:40:06','2026-04-23 09:40:06'),
(220,'Dr Rahmat Omar',NULL,NULL,6,10,1,10,13,14,'2026-04-23 09:40:06','2026-04-23 09:40:06'),
(221,'Twin Towers Medical Clinic',NULL,NULL,6,10,1,10,13,14,'2026-04-23 09:40:06','2026-04-23 09:40:06'),
(222,'South',NULL,NULL,6,10,1,10,13,14,'2026-04-23 09:44:25','2026-04-23 09:44:25'),
(223,'Kiara Medical Centre',NULL,NULL,6,10,1,10,13,14,'2026-04-23 09:44:25','2026-04-23 09:44:25'),
(224,'Klinik Medicentro',NULL,NULL,6,10,1,10,13,14,'2026-04-23 09:44:25','2026-04-23 09:44:25'),
(225,'Mahameru International Medical Centre',NULL,NULL,6,10,1,10,13,14,'2026-04-23 09:44:25','2026-04-23 09:44:25'),
(226,'ALPS Medical centre',NULL,NULL,6,10,1,10,13,14,'2026-04-23 09:44:25','2026-04-23 09:44:25'),
(227,'Klinik Inter Med',NULL,NULL,6,10,1,10,13,14,'2026-04-23 09:44:25','2026-04-23 09:44:25'),
(228,'Sentul Maternity Home',NULL,NULL,6,10,1,10,13,14,'2026-04-23 09:44:25','2026-04-23 09:44:25'),
(229,'Klinik Dr.Prevents Segambut 24 Jam',NULL,NULL,6,10,1,10,13,14,'2026-04-23 09:44:25','2026-04-23 09:44:25'),
(230,'HBM Family Clinic',NULL,NULL,6,10,1,10,13,14,'2026-04-23 09:44:25','2026-04-23 09:44:25'),
(231,'Klinik Medi Intan - Jalan Pudu',NULL,NULL,6,10,1,10,13,14,'2026-04-23 09:44:25','2026-04-23 09:44:25'),
(232,'Body Checkup Health Screening STD KL',NULL,NULL,6,10,1,10,13,14,'2026-04-23 09:44:25','2026-04-23 09:44:25'),
(233,'Tobib Lee Sunway Mentari',NULL,NULL,6,10,1,10,13,14,'2026-04-23 09:44:25','2026-04-23 09:44:25'),
(234,'Clinic 365',NULL,NULL,6,10,1,10,13,14,'2026-04-23 09:44:25','2026-04-23 09:44:25'),
(235,'klinik careclinics bukit bintang',NULL,NULL,6,10,1,10,13,14,'2026-04-23 09:44:25','2026-04-23 09:44:25'),
(236,'Universiti Malaya Medical Centre',NULL,NULL,6,10,1,10,13,14,'2026-04-23 09:44:25','2026-04-23 09:44:25'),
(237,'Perdana Medical Clinic',NULL,NULL,6,10,1,10,13,14,'2026-04-23 09:44:25','2026-04-23 09:44:25'),
(238,'WTC KL MEDICLINIC',NULL,NULL,6,10,1,10,13,14,'2026-04-23 09:44:25','2026-04-23 09:44:25'),
(239,'Lourdes Medical Centre',NULL,NULL,6,10,1,10,13,14,'2026-04-23 09:44:25','2026-04-23 09:44:25'),
(240,'PH Clinic (Perfect Healthcare)',NULL,NULL,6,10,1,10,13,14,'2026-04-23 09:44:25','2026-04-23 09:44:25'),
(241,'N & L Medical Centre',NULL,NULL,6,10,1,10,13,14,'2026-04-23 09:44:25','2026-04-23 09:44:25'),
(242,'Klinik Safa Ampang',NULL,NULL,6,10,1,10,13,14,'2026-04-23 09:44:25','2026-04-23 09:44:25'),
(243,'Qualitas Health Klinik Sharani',NULL,NULL,6,10,1,10,13,14,'2026-04-23 09:44:25','2026-04-23 09:44:25'),
(244,'KLEM Clinics',NULL,NULL,6,10,1,10,13,14,'2026-04-23 09:44:25','2026-04-23 09:44:25'),
(245,'Klinik KLMC (KL Medical Concierge)',NULL,NULL,6,10,1,10,13,14,'2026-04-23 09:44:25','2026-04-23 09:44:25'),
(246,'Sunway Medical Centre Velocity',NULL,NULL,6,10,1,10,13,14,'2026-04-23 09:44:25','2026-04-23 09:44:25'),
(247,'Star Acupuncture & Herbal Centre',NULL,NULL,6,10,1,10,13,14,'2026-04-23 09:44:25','2026-04-23 09:44:25'),
(248,'Hello Dental Clinic',NULL,NULL,6,10,1,10,13,14,'2026-04-23 09:47:35','2026-04-23 09:47:35'),
(249,'Regenesis Rehabilitation',NULL,NULL,6,10,1,10,13,14,'2026-04-23 09:47:35','2026-04-23 09:47:35'),
(250,'Q NUTRAMEDICA SDN BHD',NULL,NULL,6,10,1,10,13,14,'2026-04-23 09:47:35','2026-04-23 09:47:35'),
(251,'Tian Yi Wellness',NULL,NULL,6,10,1,10,13,14,'2026-04-23 09:47:35','2026-04-23 09:47:35'),
(252,'International Specialist Eye Centre MidValley',NULL,NULL,6,10,1,10,13,14,'2026-04-23 09:47:35','2026-04-23 09:47:35'),
(253,'Dentalist KL',NULL,NULL,6,10,1,10,13,14,'2026-04-23 09:47:35','2026-04-23 09:47:35'),
(254,'Tiho Dental Clinic KL',NULL,NULL,6,10,1,10,13,14,'2026-04-23 09:47:35','2026-04-23 09:47:35'),
(255,'Care',NULL,NULL,6,10,1,10,13,14,'2026-04-23 09:47:35','2026-04-23 09:47:35'),
(256,'The Smile Bar',NULL,NULL,6,10,1,10,13,14,'2026-04-23 09:47:35','2026-04-23 09:47:35'),
(257,'Pristine Dental Care',NULL,NULL,6,10,1,10,13,14,'2026-04-23 09:47:35','2026-04-23 09:47:35'),
(258,'Vista Eye Clinic',NULL,NULL,6,10,1,10,13,14,'2026-04-23 09:47:35','2026-04-23 09:47:35'),
(259,'Optimax Eye Specialist - Damansara Jaya',NULL,NULL,6,10,1,10,13,14,'2026-04-23 09:47:35','2026-04-23 09:47:35'),
(260,'Aglow Clinic Mid Valley (The Boulevard)',NULL,NULL,6,10,1,10,13,14,'2026-04-23 09:47:35','2026-04-23 09:47:35'),
(261,'The Planet Traveller',NULL,NULL,6,10,1,11,2,14,'2026-04-23 09:47:35','2026-04-23 09:47:35'),
(262,'MyBagSpa- Pavillion KL',NULL,NULL,6,10,1,12,13,14,'2026-04-23 09:47:35','2026-04-23 09:47:35'),
(263,'Street',NULL,NULL,6,10,1,12,13,14,'2026-04-23 09:47:35','2026-04-23 09:47:35'),
(264,'Looks Salon Kuala Lumpur',NULL,NULL,6,10,1,12,13,14,'2026-04-23 09:47:35','2026-04-23 09:47:35'),
(265,'Ozmosis Day Spa (Ascott KL & Bangsar)',NULL,NULL,6,10,1,12,13,14,'2026-04-23 09:47:35','2026-04-23 09:47:35'),
(266,'Antara Spa Wellness',NULL,NULL,6,10,1,12,13,14,'2026-04-23 09:47:35','2026-04-23 09:47:35'),
(267,'L Spa',NULL,NULL,6,10,1,12,13,14,'2026-04-23 09:47:35','2026-04-23 09:47:35'),
(268,'Uroot Spa Arcoris Mont Kiara',NULL,NULL,6,10,1,12,13,14,'2026-04-23 09:47:35','2026-04-23 09:47:35'),
(269,'Thai Paradise Spa',NULL,NULL,6,10,1,12,13,14,'2026-04-23 09:47:35','2026-04-23 09:47:35'),
(270,'V Spa Bukit Bintang',NULL,NULL,6,10,1,12,13,14,'2026-04-23 09:47:35','2026-04-23 09:47:35'),
(271,'Lax. Retreat',NULL,NULL,6,10,1,12,13,14,'2026-04-23 09:47:35','2026-04-23 09:47:35'),
(272,'Urban Retreat Spa1 Mont Kiara',NULL,NULL,6,10,1,12,13,14,'2026-04-23 09:47:35','2026-04-23 09:47:35'),
(273,'Bollywood Night Lovers Club in KL',NULL,NULL,6,10,1,12,13,14,'2026-04-23 09:47:35','2026-04-23 09:47:35'),
(274,'Pavilion KL',NULL,NULL,6,10,1,16,13,14,'2026-04-23 09:58:36','2026-04-23 09:58:36'),
(275,'Batik Boutique The Row',NULL,NULL,6,10,1,16,13,14,'2026-04-23 09:58:36','2026-04-23 09:58:36'),
(276,'Butik Songket Dunia',NULL,NULL,6,10,1,16,13,14,'2026-04-23 09:58:36','2026-04-23 09:58:36'),
(277,'Hilltop Grocer',NULL,NULL,6,10,1,16,13,14,'2026-04-23 09:58:36','2026-04-23 09:58:36'),
(278,'Cekap Lorry Transport',NULL,NULL,6,10,1,15,13,14,'2026-04-23 09:58:36','2026-04-23 09:58:36'),
(279,'KTS Trans Movers',NULL,NULL,6,10,1,15,13,14,'2026-04-23 09:58:36','2026-04-23 09:58:36'),
(280,'Transportation Services Malaysia',NULL,NULL,6,10,1,15,13,14,'2026-04-23 09:58:36','2026-04-23 09:58:36'),
(281,'Phoenix Universal Tour & Travel',NULL,NULL,6,10,1,15,13,14,'2026-04-23 09:58:36','2026-04-23 09:58:36'),
(282,'RUD Karting Sepang',NULL,NULL,6,10,1,15,13,12,'2026-04-23 09:58:36','2026-04-23 09:58:36'),
(283,'UME Car Rental & Travel',NULL,NULL,6,10,1,15,13,14,'2026-04-23 09:58:36','2026-04-23 09:58:36'),
(284,'Tour Buses Malaysia',NULL,NULL,6,10,1,15,13,1,'2026-04-23 09:58:36','2026-04-23 09:58:36'),
(285,'JAY C TOURS SB',NULL,NULL,6,10,1,15,13,14,'2026-04-23 09:58:36','2026-04-23 09:58:36'),
(286,'SG MY TRIPS',NULL,NULL,6,10,1,15,13,1,'2026-04-23 09:58:36','2026-04-23 09:58:36'),
(287,'Myride',NULL,NULL,6,10,1,15,13,14,'2026-04-23 09:58:36','2026-04-23 09:58:36'),
(288,'Air Asia Ride',NULL,NULL,6,10,1,15,13,14,'2026-04-23 09:58:36','2026-04-23 09:58:36'),
(289,'i-City Theme Park',NULL,NULL,6,10,1,14,13,12,'2026-04-23 09:58:36','2026-04-23 09:58:36'),
(290,'Stars Archery Sdn Bhd',NULL,NULL,6,10,1,14,13,14,'2026-04-23 09:58:36','2026-04-23 09:58:36'),
(291,'Bukit Merah Laketown Resort',NULL,NULL,6,10,1,14,13,7,'2026-04-23 09:58:36','2026-04-23 09:58:36'),
(292,'BUMP Bouldering',NULL,NULL,6,10,1,14,13,14,'2026-04-23 09:58:36','2026-04-23 09:58:36'),
(293,'Mykart Raceway Tropicana Gardens Mall',NULL,NULL,6,10,1,14,13,12,'2026-04-23 09:58:36','2026-04-23 09:58:36'),
(294,'Museum Of Illusions Kuala Lumpur',NULL,NULL,6,10,1,14,13,14,'2026-04-23 09:58:36','2026-04-23 09:58:36'),
(295,'Blue Ice Snow Park @ Pavilion Bukit Jalil',NULL,NULL,6,10,1,14,12,14,'2026-04-23 09:58:36','2026-04-23 09:58:36'),
(296,'Secret Garden @ 1 Utama',NULL,NULL,6,10,1,14,13,12,'2026-04-23 09:58:36','2026-04-23 09:58:36');

-- --------------------------------------------------------
-- contact_incharges  (source: company_pics)
-- Columns: id, contact_id, name, email, phone_mobile, phone_office, created_at, updated_at
-- --------------------------------------------------------
INSERT INTO `contact_incharges` (`id`,`contact_id`,`name`,`email`,`phone_mobile`,`phone_office`,`created_at`,`updated_at`) VALUES
(1,2,'x','x@gmail.com','x','',NOW(),NOW()),
(2,4,'akemi ','x@gmail.com','01111111111','',NOW(),NOW()),
(4,5,'ayahanda','ciknur@gmail.com','01444444444','',NOW(),NOW()),
(5,6,'x','x@gmail.com','x',' 03-6148 9152',NOW(),NOW()),
(6,7,'papapa','x@gmail.com','011 3221 5221','',NOW(),NOW()),
(7,8,'MS MONA','chooyintan@yahoo.com','016-8334297',NULL,NOW(),NOW()),
(8,9,'Fariza / Amar / Ammar','ammar.najmi@impiana.com','013-3532574',NULL,NOW(),NOW()),
(9,10,'NOR PAIZAH','sales@ctos.com.my','x',NULL,NOW(),NOW()),
(10,11,'ms akiko sunaha','whasatpp@gmail.com','011-1662 5281',NULL,NOW(),NOW()),
(11,12,'Pn mahanum','admissions@apschools.edu.my','9840794',NULL,NOW(),NOW()),
(12,13,'Mr John','enquiry@vantageleymalaysia.com','012-3287021',NULL,NOW(),NOW()),
(13,14,'MS Latha- Admin','shiela.cheng@harvestintsch.edu.my','03-62415088',NULL,NOW(),NOW()),
(14,15,'mr mohamad','tehran.restoran@gmail.com','01169303321',NULL,NOW(),NOW()),
(15,16,'Puan Fatin','nurul.faraheliyana@habibjewels.com','013-3381336',NULL,NOW(),NOW()),
(16,17,'Jenny','winniesbeefarm@gmail.com','011-55558773',NULL,NOW(),NOW()),
(17,18,'Sean','seanbenkoh@gmail.com','012-3382145',NULL,NOW(),NOW()),
(18,19,'Gary -operator','marketing.bukitjalil@columbiaasia.com','03-8657 9888',NULL,NOW(),NOW()),
(19,20,'Ms Ann','baliayufinance@gmail.com','012-2102188',NULL,NOW(),NOW()),
(20,21,'Thevi - admin','btmc.info@asia1health.com','03-56391515',NULL,NOW(),NOW()),
(21,22,'Ms Hao','bbunited8@gmail.com','06-2681333','',NOW(),NOW()),
(22,23,'Ms Mira','rustcampsresort28@gmail.com','014-7768180',NULL,NOW(),NOW()),
(23,24,'ms selvi/dalila','selvi@ayurcentre.com','03-79542899',NULL,NOW(),NOW()),
(24,25,'Mngr Updtd','littleheritagehouse@gmail.com','012-3287021',NULL,NOW(),NOW()),
(25,26,'MS ping / MS Wan','int.sales2@afamosa.com','0888, (4) 011-1600 0002',NULL,NOW(),NOW()),
(26,27,'Asst Manager Digital Marketing / Mah','rachel.hargreaves@banyantree.com','21131888',NULL,NOW(),NOW()),
(27,28,'sean lim / Ms Elia','ha7m8@accor.com','50302888',NULL,NOW(),NOW()),
(28,29,'Ms Ayu','lerengtanah@gmail.com','012-3385621',NULL,NOW(),NOW()),
(29,30,'puan nadiah','whatsapp@gmail.com','01162265257',NULL,NOW(),NOW()),
(30,31,'Ms Nina / farid','W@w','012-4594752',NULL,NOW(),NOW()),
(31,32,'Jocelyn / Warren fernandec','jacqueline.shu@the-ascott.com','03-27058000',NULL,NOW(),NOW()),
(32,33,'shafiq / ms jane / jean ling','dosm@dekinghotels-klcc.com','019-4433693',NULL,NOW(),NOW()),
(33,34,'ABDUL MALIK','Anna.AbdulMalik@marriott.com','27068088',NULL,NOW(),NOW()),
(34,35,'Amsyar / syazwan','muazam.shah@theeverlygroup.com','0388922929',NULL,NOW(),NOW()),
(35,36,'Kong / Mr Louie','ruth.kong@monkeyscanopy.com','017-4464064',NULL,NOW(),NOW()),
(36,37,'Eric','w@w','016-2383194',NULL,NOW(),NOW()),
(37,38,'Ms Nevillria','nevillria.nieh@hotelsixty3.com','012-8283948',NULL,NOW(),NOW()),
(38,39,'aisah / Mr Pang','w@w','0168502499',NULL,NOW(),NOW()),
(39,40,'resigned','marketing@gfgproperty.com','012-3309209',NULL,NOW(),NOW()),
(40,41,'GM','angeline.heng@theeverlygroup.com','03-21489191',NULL,NOW(),NOW()),
(41,42,'ms selvi / dalila','selvi@ayurcentre.com','03-79542899',NULL,NOW(),NOW()),
(42,43,'dr liau / jeremy','klinikq.kd@gmail.com','03-61428642',NULL,NOW(),NOW()),
(43,44,'Dr Hew / Ms Liya','mac.clinic.my@gmail.com','Call WA ONLY',NULL,NOW(),NOW()),
(44,45,'Ms Sereen - Director','w@w','016-2108219',NULL,NOW(),NOW()),
(45,46,'Sales Inquiries','info@confexhub.com','603-27711668',NULL,NOW(),NOW()),
(46,47,'Mr Sam Lim','thenarra@yahoo.com','012-9819630',NULL,NOW(),NOW()),
(47,48,'Mr Jay','jayen26@gmail.com','016-4227636',NULL,NOW(),NOW()),
(48,49,'Ms Tan - Owner','hello@oleolebali.asia','016-9310263',NULL,NOW(),NOW()),
(49,50,'Ms Zoe','zoelai02@gmail.com','010-2228610',NULL,NOW(),NOW()),
(50,51,'Ms. Nas','loccitane@cdstyle.lt','03-27206288',NULL,NOW(),NOW()),
(51,52,'Chemala','skinmagic24@gmail.com','011-1167 1508',NULL,NOW(),NOW()),
(52,53,'Andrew','marketing.nblife@outlook.com','016-2619151',NULL,NOW(),NOW()),
(53,54,'Ayeen','hey@venusde.com','03-9212 0452',NULL,NOW(),NOW()),
(54,55,'Nicky','q@q','01127093143',NULL,NOW(),NOW()),
(55,56,'Ms Angel','sales@avisson.beaute.com','016-6156302',NULL,NOW(),NOW()),
(56,57,'Ms Nikko','nicwillbeauty@gmail.com','03-28567732',NULL,NOW(),NOW()),
(57,58,'Manager','truespakl@gmail.com','60122902798',NULL,NOW(),NOW()),
(58,59,'Enson','relax@tanganspa.com','012-6179187',NULL,NOW(),NOW()),
(59,60,'Agnes','agniestanch@gmail.com','012-2826518',NULL,NOW(),NOW()),
(60,61,'Ms Alexa','wkualalumpur@whotels.com','03-2786 8888',NULL,NOW(),NOW()),
(61,62,'Shida','radiancespa.kelanajaya@gmail.com','014-627 6296',NULL,NOW(),NOW()),
(62,63,'Marketing','spavillagekl@ytlhotels.com.my','03 2782 9090',NULL,NOW(),NOW()),
(63,64,'Ms. Tina','marketing@mauita-spa.com','03-62110983',NULL,NOW(),NOW()),
(64,65,'Siti','ddroyalechulankl@gmail.com','03-2688 9581',NULL,NOW(),NOW()),
(65,66,'Marketing','akmal.abmanaf@sofitel.com','03-2720 6696',NULL,NOW(),NOW()),
(66,67,'Cindy','cindy.lim@billionoac.com','012-988 9057',NULL,NOW(),NOW()),
(67,68,'Izati','hammamisetan@gmail.com','6019-643 0881',NULL,NOW(),NOW()),
(68,69,'Marketing','w@w','016-608 8846',NULL,NOW(),NOW()),
(69,70,'Joanne','w@w','017-8815625',NULL,NOW(),NOW()),
(70,71,'Ms Liza','w@w','0183886547',NULL,NOW(),NOW()),
(71,72,'Mr Lau','chatlaksamana@gmail.com','01156960690',NULL,NOW(),NOW()),
(72,73,'Ms Joanne','w@w','012-8810189',NULL,NOW(),NOW()),
(73,74,'Ms Rosa','rosa.akalynn@fourseasons.com','03-2382 8888',NULL,NOW(),NOW()),
(74,75,'Elsie','w@w','03-2260 1178',NULL,NOW(),NOW()),
(75,76,'Marketing','w@w','011-6866 6529',NULL,NOW(),NOW()),
(76,77,'Mira','w@w','03-2113 0088',NULL,NOW(),NOW()),
(77,78,'Marketing','w@w','03-22011303',NULL,NOW(),NOW()),
(78,79,'Ms Jessica','w@w','011-5587 2301',NULL,NOW(),NOW()),
(79,80,'Marketing','w@w','018-917 7338',NULL,NOW(),NOW()),
(80,81,'Ms Martini','w@w','03-2778 3380',NULL,NOW(),NOW()),
(81,196,'Aryan/ ms ain/ dr Tung','teethosdentalclinic@gmail.com','017-6700188',NULL,NOW(),NOW()),
(82,197,'International Marketing','enquiry@princecourt.com','03-21600000',NULL,NOW(),NOW()),
(83,198,'Anis/Saelvin','admin@hemedclinic.com','03-97719967',NULL,NOW(),NOW()),
(84,199,'Kathleen','kathleen.matthew@ihhhealthcare.com','03-22981000',NULL,NOW(),NOW()),
(85,200,'Aisyah -mktg','rhema@alphaspecialist.com','03-61418533',NULL,NOW(),NOW()),
(86,201,'Bangsar-KL/Mid Valley','yawshiuan.chong@o2klinik.com','03-2856 3382',NULL,NOW(),NOW()),
(87,202,'Ms Monica','contactus.djc@gmail.com','2181 4652',NULL,NOW(),NOW()),
(88,203,'Mr Ben','wecare@stemcells.center','016-452 2226',NULL,NOW(),NOW()),
(89,204,'Ms Jane','mirasyahira@cytonexlab.com','60322019988',NULL,NOW(),NOW()),
(90,205,'Ms. Ng','yipdental@gmail.com','012-2755822',NULL,NOW(),NOW()),
(91,206,'Hospital UMRA','marketing@umra.com.my','5518 4319',NULL,NOW(),NOW()),
(92,207,'Jaycee Loh','jaycee.loh@aestaskin.com','+6012 529 9088',NULL,NOW(),NOW()),
(93,208,'Mr Jackson','enquiry@skinartclinic.com','012-3861128',NULL,NOW(),NOW()),
(94,209,'shasha/ dr chua','advancedaestheticclinic@gmail.com','012-5218677',NULL,NOW(),NOW()),
(95,210,'Sharlini','sharlini.nagarajan@sunfert.com','03-7622 8688',NULL,NOW(),NOW()),
(96,211,'Dr Tee - owner','hello@arteesticdental.com','012-622 4283',NULL,NOW(),NOW()),
(97,212,'Mr Kiran - cs','my@wheelchair88.com','012-2269743',NULL,NOW(),NOW()),
(98,213,'Ms Jenny','mysheenclinic@gmail.com','012-2828493',NULL,NOW(),NOW()),
(99,214,'Mr Leon - cs','ksmcgroup@gmail.com','018-773 4018',NULL,NOW(),NOW()),
(100,215,'Malini Selva','malini.selva@pacliv.com','03-33596111',NULL,NOW(),NOW()),
(101,216,'M\'sia Healthcare Lounge','w@w','013-87766168',NULL,NOW(),NOW()),
(102,218,'Marketing','w@w','016-680 2716',NULL,NOW(),NOW()),
(103,219,'Sulaikha','kliniktuahmalaysia@gmail.com','011-6939 2454',NULL,NOW(),NOW()),
(104,220,'Marketing','w@w','03-7491 9191',NULL,NOW(),NOW()),
(105,221,'Marketing','w@w','03-2382 3577',NULL,NOW(),NOW()),
(106,222,'Marketing','info@lifecare.com.my','03-2241 3610',NULL,NOW(),NOW()),
(107,223,'Ms Hazel - Ops Mngr','w@w','012-476 9930',NULL,NOW(),NOW()),
(108,224,'Dr Chong / Dr Lee','frontdesk@medicentro.com.my','012-630 0828',NULL,NOW(),NOW()),
(109,225,'Mr Andrew - Mark Mngr','mimc@mahameru.com.my','012-2601300',NULL,NOW(),NOW()),
(110,226,'Marketing','w@w','012-837 0177',NULL,NOW(),NOW()),
(111,227,'Mdm Lenet','intermedbangsar@gmail.com','03-2282 8027',NULL,NOW(),NOW()),
(112,228,'Susan','sentulmedical@live.com','03-4041 6962',NULL,NOW(),NOW()),
(113,229,'Shahrin/Roy','w@w','013-9318739',NULL,NOW(),NOW()),
(114,230,'Shasa','w@w','011-1159 7339',NULL,NOW(),NOW()),
(115,231,'Dr Gini','clinicmediintan@gmail.com','03-9226 0388',NULL,NOW(),NOW()),
(116,232,'Jefri SS15 / Dr Chisti','metromedic6@gmail.com','03-5611 9878',NULL,NOW(),NOW()),
(117,233,'Ms Tee','globalteeconcept@gmail.com','012-6999090',NULL,NOW(),NOW()),
(118,234,'Wen','clinic365.staff@gmail.com','014-3554365',NULL,NOW(),NOW()),
(119,235,'Prashana','w@w','011-5172 7890',NULL,NOW(),NOW()),
(120,236,'Shazni - Mark Officer','nursyazni.ka@ummc.edu.my','03-79496350',NULL,NOW(),NOW()),
(121,237,'Dr Nanthini','perdanamedicalclinic@gmail.com','011-25653242',NULL,NOW(),NOW()),
(122,238,'Marketing','jamesting@lcbl2u.com','03-5870 4958',NULL,NOW(),NOW()),
(123,239,'Marketing','w@w','011-5168 9697',NULL,NOW(),NOW()),
(124,240,'Marketing','w@w','012-494 4933',NULL,NOW(),NOW()),
(125,241,'Mr Sean - HR','nlmedicalcentre@gmail.com','012-6902008',NULL,NOW(),NOW()),
(126,242,'Ms Nasreen - Mark Mngr','w@w','016-2712065',NULL,NOW(),NOW()),
(127,243,'Rosmah - Branch Manager','kliniksharani@yahoo.com','03-2287 3103',NULL,NOW(),NOW()),
(128,244,'Hainie / Dr Subra','dr.subs@klemeclinic.com','03-2202 2149',NULL,NOW(),NOW()),
(129,245,'Marketing','w@w','03-7731 7519',NULL,NOW(),NOW()),
(130,246,'Andrew - Senior Manager','smcv-bdcc@sunway.com.my','03-9772 9191',NULL,NOW(),NOW()),
(131,247,'Mr Deric','star.acupuncture.herbal@gmail.com','010-8969080',NULL,NOW(),NOW()),
(132,248,'Najla - Admin','hello.dentalkl@gmail.com','013-9988806',NULL,NOW(),NOW()),
(133,249,'Marketing','w@w','011-3768 6050',NULL,NOW(),NOW()),
(134,250,'Travers','klinikqstaff@gmail.com','03-6142 8642',NULL,NOW(),NOW()),
(135,251,'Marketing','w@w','03-8063 8488',NULL,NOW(),NOW()),
(136,252,'Melissa - Marketing','enquiries@isec.my','03-2284 8989',NULL,NOW(),NOW()),
(137,253,'Marketing','w@w','018-582 8587',NULL,NOW(),NOW()),
(138,254,'Marketing','tihodental@gmail.com','010-258 1285',NULL,NOW(),NOW()),
(139,255,'Lyann - Marketing','marketing@klidc.com.my','03-2162 5555',NULL,NOW(),NOW()),
(140,256,'Marketing','w@w','010-595 9999',NULL,NOW(),NOW()),
(141,257,'Dr Vaishali','pristinemegamall@gmail.com','03-2287 3782',NULL,NOW(),NOW()),
(142,258,'Chloe - PIC of Marketing','chloe@vista.com.my','03-7711 3937',NULL,NOW(),NOW()),
(143,259,'Nicole - Marketing','marketing@optimax.com.my','03-7890 0168',NULL,NOW(),NOW()),
(144,260,'Sofi - Mark Mngr','w@w','013-394 1400',NULL,NOW(),NOW()),
(145,261,'Ms Queenie - Marketing Manager','queenie.wong@seager.com.sg','010000000',NULL,NOW(),NOW()),
(146,262,'Mr gabriel','Hong_weilong@hotmail.com','016-7838238',NULL,NOW(),NOW()),
(147,263,'Kelvin - Owner','thebatikshopmy@gmail.com','03-2022 4160',NULL,NOW(),NOW()),
(148,264,'Maha - Owner','lookssalonkl@gmail.com','012-617 5555',NULL,NOW(),NOW()),
(149,265,'Ms Freezie - Marketing','marketing@ozmosis.com.my','012-384 6122',NULL,NOW(),NOW()),
(150,266,'Hazri - FD','w@w','012-322 9366',NULL,NOW(),NOW()),
(151,267,'Marketing','w@w','011-2850 3979',NULL,NOW(),NOW()),
(152,268,'Marketing','marketing@urbanretreatspa.my','017-881 5625',NULL,NOW(),NOW()),
(153,269,'AJ - Mark Mngr','thaiparadise@gmail.com','011-7005 0448',NULL,NOW(),NOW()),
(154,270,'Hana - Mark Mngr','w@w','012-862 1667',NULL,NOW(),NOW()),
(155,271,'Marketing','w@w','017-347 7623',NULL,NOW(),NOW()),
(156,272,'Ms Joan','w@w','017-881 5625',NULL,NOW(),NOW()),
(157,273,'Marketing','w@w','016-298 5436',NULL,NOW(),NOW()),
(158,274,'Cassandra Tan','cassandra.tan@lendlease.com','0173646920',NULL,NOW(),NOW()),
(159,275,'Tyra','tyra@batikboutique.com','018-230 8332',NULL,NOW(),NOW()),
(160,276,'Azahari - Mrkg Mngr','w@w','6011-33088649',NULL,NOW(),NOW()),
(161,277,'Addie Ham','w@w','6012-6688052',NULL,NOW(),NOW()),
(162,278,'nil','admin@cekap.net','017-3447368',NULL,NOW(),NOW()),
(163,279,'micheal','nil@gmail','03-78030609',NULL,NOW(),NOW()),
(164,280,'Rainnie','bus2charter.my@gmail.com','3280119',NULL,NOW(),NOW()),
(165,281,'Guna','wasap@gmail','016-9011324',NULL,NOW(),NOW()),
(166,282,'Olivier','olivier.maresch@autoplaygroup.asia','01111133416',NULL,NOW(),NOW()),
(167,283,'Aznil','w@w','016-8191574',NULL,NOW(),NOW()),
(168,284,'Mr Yu- Transport Dept Manager','w@w','07-5207119',NULL,NOW(),NOW()),
(169,285,'Mr Jay','Q@QW','03-33424075',NULL,NOW(),NOW()),
(170,286,'Ivy','w@w','017-7299308',NULL,NOW(),NOW()),
(171,287,'Marketing','w@w','0378860254',NULL,NOW(),NOW()),
(172,288,'Erica','ericadj@airasia.com','0108162772',NULL,NOW(),NOW()),
(173,289,'mary - digital mktg','mary@i-city.my','55218877',NULL,NOW(),NOW()),
(174,290,'mr Qayyum','qayyum@starsarchery.com','6608294',NULL,NOW(),NOW()),
(175,291,'Khairudin - purchasing','execoffice@bukitmerahresort.com.my','5400782',NULL,NOW(),NOW()),
(176,292,'angie','angie@bumpbouldering.com','018-3604355',NULL,NOW(),NOW()),
(177,293,'Iqram- asst mngr','info@mykart.com.my','014-4155077',NULL,NOW(),NOW()),
(178,294,'Marketing','rene@museumofillusions.my','3919736',NULL,NOW(),NOW()),
(179,295,'waran','waran.blueice@gmail.com','016-3310977',NULL,NOW(),NOW()),
(180,296,'Joyce/Yee Leng','aina.azri@1utama.com.my','77264788',NULL,NOW(),NOW());

-- --------------------------------------------------------
-- to_dos  (source: company_tasks)
-- task_type mapping → tasks.id:
--   'EM/WS'→4  'CLIENT'→5  'CALL'→6  '01-Artwork'→12  'Meeting'→3
-- --------------------------------------------------------
INSERT INTO `to_dos` (`id`,`contact_id`,`user_id`,`task_id`,`todo_date`,`date_created`,`todo_remark`,`created_at`,`updated_at`) VALUES
(1,5,3,4,'2026-04-09','2026-04-09','AA',NOW(),NOW()),
(2,5,3,4,'2026-02-09','2026-02-09','AA',NOW(),NOW()),
(3,5,3,4,'2026-12-09','2026-12-09','AA',NOW(),NOW()),
(4,5,3,4,'2026-04-16','2026-04-16','AA',NOW(),NOW()),
(5,4,3,4,'2026-04-10','2026-04-10','AA-EMAIL',NOW(),NOW()),
(6,81,6,5,'2026-04-20','2026-04-20','AA',NOW(),NOW()),
(7,80,6,6,'2026-04-20','2026-04-20','AA',NOW(),NOW()),
(8,140,3,12,'2026-04-30','2026-04-30','fbig artwork',NOW(),NOW()),
(9,1,3,3,'2026-04-30','2026-04-30','meeting client',NOW(),NOW()),
(10,3,3,3,'2026-04-30','2026-04-30','meeting',NOW(),NOW());

-- --------------------------------------------------------
-- Reset AUTO_INCREMENT values
-- --------------------------------------------------------
ALTER TABLE `contact_areas` AUTO_INCREMENT=17;
ALTER TABLE `contact_industries` AUTO_INCREMENT=17;
ALTER TABLE `contact_statuses` AUTO_INCREMENT=11;
ALTER TABLE `contact_types` AUTO_INCREMENT=8;
ALTER TABLE `contact_categories` AUTO_INCREMENT=17;
ALTER TABLE `users` AUTO_INCREMENT=7;
ALTER TABLE `tasks` AUTO_INCREMENT=15;
ALTER TABLE `contacts` AUTO_INCREMENT=297;
ALTER TABLE `contact_incharges` AUTO_INCREMENT=181;
ALTER TABLE `to_dos` AUTO_INCREMENT=11;

SET FOREIGN_KEY_CHECKS=1;
